Name,PctOfVotes
Correy,20.00002272084376
Li,14.000043737711193
O'Tooley,2.999999147969569
Khan,63.00002840102243
